UserName,AccY,AccX,AccZ,Activity
Rikhil,7.06,1.69,1.7297841,Downstairs
Rikhil,6.05,-2.64,1.4573771999999998,Downstairs
Rikhil,8.35,0.89,0.3405087,Downstairs
Rikhil,5.28,5.41,0.88532263,Downstairs
Rikhil,8.89,4.99,1.9885708,Downstairs
Rikhil,12.64,-1.04,1.7978859,Downstairs
Rikhil,8.92,1.73,1.9204689999999998,Downstairs
Rikhil,9.58,1.99,1.1168685,Downstairs
Rikhil,10.46,0.34,1.9477096999999999,Downstairs
Rikhil,9.08,0.84,0.313268,Downstairs
Rikhil,7.89,4.63,2.3426998,Downstairs
Rikhil,12.87,4.71,1.4573771999999998,Downstairs
Rikhil,13.4,2.72,-1.4573771999999998,Downstairs
Rikhil,13.48,2.87,3.990762,Downstairs
Rikhil,7.5,1.65,-4.944186,Downstairs
Rikhil,6.78,2.83,-1.7978859,Downstairs
Rikhil,11.37,3.34,-0.6537767,Downstairs
Rikhil,7.46,6.02,3.1463002999999996,Downstairs
Rikhil,7.74,2.79,0.61291564,Downstairs
Rikhil,9.47,0.42,-1.1168685,Downstairs
Rikhil,8.73,4.37,0.040861044,Downstairs
Rikhil,7.44,5.24,0.88532263,Downstairs
Rikhil,9.38,3.15,0.23154591,Downstairs
Rikhil,9.19,8.66,2.2609777,Downstairs
Rikhil,12.91,6.51,4.290409599999999,Downstairs
Rikhil,14.79,2.72,0.6946376999999999,Downstairs
Rikhil,12.45,0.46,-3.1054392,Downstairs
Rikhil,4.75,3.53,-0.95342433,Downstairs
Rikhil,4.25,0.53,0.9942854,Downstairs
Rikhil,1.65,2.11,-1.2666923,Downstairs
Rikhil,8.69,4.37,-0.08172209,Downstairs
Rikhil,10.31,6.82,4.9850473,Downstairs
Rikhil,6.4,2.96,2.9556155,Downstairs
Rikhil,17.05,3.72,3.2961242,Downstairs
Rikhil,8.2,5.67,-2.5333846,Downstairs
Rikhil,15.13,15.89,3.2961242,Downstairs
Rikhil,8.58,1.08,-0.61291564,Downstairs
Rikhil,9.34,0.95,-2.3018389,Downstairs
Rikhil,7.93,2.87,0.27240697,Downstairs
Rikhil,6.55,6.4,3.7864565999999997,Downstairs
Rikhil,7.97,6.85,-0.61291564,Downstairs
Rikhil,5.83,7.78,1.334794,Downstairs
Rikhil,9.72,9.28,3.336985,Downstairs
Rikhil,15.4,6.32,-0.53119355,Downstairs
Rikhil,15.05,4.21,-0.27240697,Downstairs
Rikhil,4.4,-0.72,-0.38136974,Downstairs
Rikhil,2.34,0.04,-1.6480621,Downstairs
Rikhil,5.33,5.48,2.9147543999999996,Downstairs
Rikhil,7.74,9.11,-2.3018389,Downstairs
Rikhil,9.66,6.66,2.8738932999999998,Downstairs
Rikhil,9.19,4.4,8.390134,Downstairs
Rikhil,12.6,4.75,-0.84446156,Downstairs
Rikhil,10.88,6.7,0.0,Downstairs
Rikhil,9.72,12.3,-0.5720546,Downstairs
Rikhil,9.96,3.95,0.0,Downstairs
Rikhil,8.24,0.95,-1.4165162,Downstairs
Rikhil,8.54,2.68,-1.8796080000000002,Downstairs
Rikhil,4.63,3.72,0.08172209,Downstairs
Rikhil,6.78,7.67,0.42223078,Downstairs
Rikhil,7.35,6.17,2.3018389,Downstairs
Rikhil,8.85,9.38,1.8387468999999996,Downstairs
Rikhil,13.87,6.36,2.4925237,Downstairs
Rikhil,12.37,3.02,-2.8330324,Downstairs
Rikhil,10.34,2.3,-0.3405087,Downstairs
Rikhil,2.83,3.45,0.84446156,Downstairs
Rikhil,5.43,4.37,0.38136974,Downstairs
Rikhil,8.77,4.4,-1.4573771999999998,Downstairs
Rikhil,11.45,6.13,2.152015,Downstairs
Rikhil,7.44,7.16,5.284695,Downstairs
Rikhil,10.73,2.37,1.6480621,Downstairs
Rikhil,10.65,7.08,-0.88532263,Downstairs
Rikhil,8.16,14.98,-0.46309182,Downstairs
Rikhil,10.0,4.48,2.6014863999999998,Downstairs
Rikhil,8.66,0.69,-1.4573771999999998,Downstairs
Rikhil,8.43,2.22,-1.9885708,Downstairs
Rikhil,6.7,2.96,-1.2666923,Downstairs
Rikhil,7.93,6.17,0.88532263,Downstairs
Rikhil,5.94,6.74,1.4165162,Downstairs
Rikhil,6.93,13.29,3.4459480000000005,Downstairs
Rikhil,15.43,7.31,1.8387468999999996,Downstairs
Rikhil,14.18,3.26,-1.334794,Downstairs
Rikhil,8.16,1.76,0.38136974,Downstairs
Rikhil,5.86,4.99,0.23154591,Downstairs
Rikhil,4.75,4.52,1.5390993,Downstairs
Rikhil,5.75,3.83,-2.1111538,Downstairs
Rikhil,9.28,5.24,4.2086873,Downstairs
Rikhil,7.93,8.85,5.1348709999999995,Downstairs
Rikhil,7.63,2.91,0.3405087,Downstairs
Rikhil,16.78,5.94,1.4982381999999999,Downstairs
Rikhil,7.01,6.17,-2.1383946,Downstairs
Rikhil,14.18,7.12,-0.95342433,Downstairs
Rikhil,9.96,4.6,0.7218784,Downstairs
Rikhil,7.5,2.83,-1.7297841,Downstairs
Rikhil,9.58,4.4,-2.2201166000000003,Downstairs
Rikhil,5.67,2.87,0.7218784,Downstairs
Rikhil,5.48,4.56,2.6014863999999998,Downstairs
Rikhil,6.44,4.79,-1.3075534,Downstairs
Rikhil,7.31,7.25,-2.070293,Downstairs
Rikhil,6.51,9.89,3.336985,Downstairs
Rikhil,11.5,8.08,2.1792557,Downstairs
Rikhil,14.75,7.67,-1.607201,Downstairs
Rikhil,13.38,6.47,-0.38136974,Downstairs
Rikhil,8.81,3.38,3.1463002999999996,Downstairs
Rikhil,7.27,2.98,-0.29964766,Downstairs
Rikhil,6.24,2.64,0.84446156,Downstairs
Rikhil,6.85,0.72,0.8036005,Downstairs
Rikhil,6.4,4.25,-1.525479,Downstairs
Rikhil,6.17,7.89,6.5105260000000005,Downstairs
Rikhil,7.5,9.96,4.862464,Downstairs
Rikhil,12.57,7.59,0.7218784,Downstairs
Rikhil,13.72,6.55,-2.4925237,Downstairs
Rikhil,11.41,3.3,0.10896278,Downstairs
Rikhil,10.38,5.13,-2.6423476000000004,Downstairs
Rikhil,10.42,6.05,-2.5333846,Downstairs
Rikhil,7.7,3.53,-1.9477096999999999,Downstairs
Rikhil,5.98,2.41,-0.8036005,Downstairs
Rikhil,7.59,2.76,-1.1168685,Downstairs
Rikhil,10.23,3.99,-1.334794,Downstairs
Rikhil,11.07,4.67,7.246025,Downstairs
Rikhil,8.54,7.89,-2.4925237,Downstairs
Rikhil,9.96,11.92,-1.2258313,Downstairs
Rikhil,7.31,10.88,8.499097,Downstairs
Rikhil,13.67,5.24,-2.0294318,Downstairs
Rikhil,15.13,6.44,-5.09401,Downstairs
Rikhil,10.53,4.71,1.3075534,Downstairs
Rikhil,7.4,4.14,-0.88532263,Downstairs
Rikhil,5.56,3.45,-1.56634,Downstairs
Rikhil,6.4,0.93,-1.2258313,Downstairs
Rikhil,5.33,4.29,-0.7218784,Downstairs
Rikhil,6.02,9.19,6.742072,Downstairs
Rikhil,12.76,5.83,6.1291566,Downstairs
Rikhil,10.92,-5.67,2.3699405,Downstairs
Rikhil,10.92,-5.67,2.3699405,Downstairs
Rikhil,10.92,-5.67,2.3699405,Downstairs
Rikhil,8.05,9.81,0.61291564,Downstairs
Rikhil,9.72,2.72,-0.3405087,Downstairs
Rikhil,7.44,5.18,1.334794,Downstairs
Rikhil,5.98,6.36,1.6480621,Downstairs
Rikhil,7.01,5.01,1.1849703,Downstairs
Rikhil,6.28,1.84,3.1054392,Downstairs
Rikhil,8.43,2.22,0.6946376999999999,Downstairs
Rikhil,7.25,3.72,-0.23154591,Downstairs
Rikhil,6.85,4.79,0.61291564,Downstairs
Rikhil,7.74,9.85,0.92618364,Downstairs
Rikhil,10.69,16.32,6.238119,Downstairs
Rikhil,13.44,6.17,0.6946376999999999,Downstairs
Rikhil,13.4,2.76,-1.334794,Downstairs
Rikhil,5.28,3.26,0.040861044,Downstairs
Rikhil,5.01,3.02,0.27240697,Downstairs
Rikhil,3.02,2.34,-0.6946376999999999,Downstairs
Rikhil,5.71,2.45,-1.2258313,Downstairs
Rikhil,9.43,7.27,2.070293,Downstairs
Rikhil,6.47,9.47,4.944186,Downstairs
Rikhil,9.89,5.48,4.099725,Downstairs
Rikhil,15.98,1.88,2.982856,Downstairs
Rikhil,7.97,10.84,-2.9147543999999996,Downstairs
Rikhil,10.12,11.96,3.7864565999999997,Downstairs
Rikhil,7.4,1.42,-1.7978859,Downstairs
Rikhil,9.23,3.68,-2.0294318,Downstairs
Rikhil,5.18,5.05,2.6423476000000004,Downstairs
Rikhil,5.75,4.18,0.14982383,Downstairs
Rikhil,6.93,9.72,1.0351465,Downstairs
Rikhil,7.12,9.81,3.7864565999999997,Downstairs
Rikhil,14.21,8.01,1.1849703,Downstairs
Rikhil,11.54,4.67,-2.4516625,Downstairs
Rikhil,9.92,1.04,-0.7218784,Downstairs
Rikhil,5.52,4.1,0.9942854,Downstairs
Rikhil,3.3,2.98,1.6889231,Downstairs
Rikhil,5.22,4.56,-0.6946376999999999,Downstairs
Rikhil,11.54,7.01,4.140586,Downstairs
Rikhil,6.82,7.7,1.6480621,Downstairs
Rikhil,14.63,6.7,6.742072,Downstairs
Rikhil,6.82,10.69,-2.8330324,Downstairs
Rikhil,12.53,7.55,0.84446156,Downstairs
Rikhil,7.5,3.76,-1.56634,Downstairs
Rikhil,6.78,3.17,-1.7297841,Downstairs
Rikhil,8.08,4.82,-1.2666923,Downstairs
Rikhil,6.17,5.71,1.0760075,Downstairs
Rikhil,7.31,9.51,3.2552630000000002,Downstairs
Rikhil,8.81,10.53,3.5957718,Downstairs
Rikhil,13.06,3.6,-2.4925237,Downstairs
Rikhil,9.19,0.76,-3.4868089999999996,Downstairs
Rikhil,8.47,1.8,-1.334794,Downstairs
Rikhil,3.68,4.75,1.4573771999999998,Downstairs
Rikhil,9.04,6.21,-0.27240697,Downstairs
Rikhil,9.92,7.67,3.8273177000000005,Downstairs
Rikhil,5.52,6.36,1.56634,Downstairs
Rikhil,11.84,7.78,1.1441092,Downstairs
Rikhil,8.2,9.58,-0.23154591,Downstairs
Rikhil,12.64,11.84,1.6889231,Downstairs
Rikhil,7.93,-1.04,-2.2201166000000003,Downstairs
Rikhil,12.03,2.3,-0.7627395,Downstairs
Rikhil,7.5,2.6,1.4165162,Downstairs
Rikhil,4.94,5.48,-0.38136974,Downstairs
Rikhil,3.6,14.02,3.990762,Downstairs
Rikhil,3.6,14.02,3.990762,Downstairs
Rikhil,3.6,14.02,3.990762,Downstairs
Rikhil,3.6,14.02,3.990762,Downstairs
Rikhil,0.0,0.0,0.0,Downstairs
Rikhil,0.0,0.0,0.0,Downstairs
Rikhil,4.79,7.97,5.597963,Downstairs
Rikhil,4.79,7.97,5.597963,Downstairs
Rikhil,14.14,7.74,2.1111538,Downstairs
Rikhil,8.66,5.37,-1.9885708,Downstairs
Rikhil,13.59,9.96,3.7183550000000003,Downstairs
Rikhil,4.21,0.0,-1.525479,Downstairs
Rikhil,9.08,2.45,-2.2201166000000003,Downstairs
Rikhil,7.21,3.87,-2.3018389,Downstairs
Rikhil,3.15,12.18,3.7864565999999997,Downstairs
Rikhil,3.15,12.18,3.7864565999999997,Downstairs
Rikhil,3.15,12.18,3.7864565999999997,Downstairs
Rikhil,3.15,12.18,3.7864565999999997,Downstairs
Rikhil,4.9,0.31,-1.7570249,Downstairs
Rikhil,4.9,0.31,-1.7570249,Downstairs
Rikhil,12.03,6.66,-2.0294318,Downstairs
Rikhil,6.7,8.43,6.973617999999999,Downstairs
Rikhil,8.24,6.55,0.38136974,Downstairs
Rikhil,15.28,4.71,3.4459480000000005,Downstairs
Rikhil,6.78,6.55,-1.9885708,Downstairs
Rikhil,13.91,9.23,1.4573771999999998,Downstairs
Rikhil,7.63,1.33,0.84446156,Downstairs
Rikhil,6.93,2.34,-1.6889231,Downstairs
Rikhil,8.08,6.85,-1.607201,Downstairs
Rikhil,4.48,10.73,3.4050870000000004,Downstairs
Rikhil,3.49,10.12,3.8681788,Downstairs
Rikhil,13.02,9.51,0.23154591,Downstairs
Rikhil,15.4,5.56,-2.6014863999999998,Downstairs
Rikhil,10.88,3.79,-1.2258313,Downstairs
Rikhil,10.88,3.79,-1.2258313,Downstairs
Rikhil,10.88,3.79,-1.2258313,Downstairs
Rikhil,0.0,0.0,0.0,Downstairs
Rikhil,0.0,0.0,0.0,Downstairs
Rikhil,0.0,0.0,0.0,Downstairs
Rikhil,0.0,0.0,0.0,Downstairs
Rikhil,9.23,5.79,-0.19068487,Downstairs
Rikhil,9.23,5.79,-0.19068487,Downstairs
Rikhil,13.82,6.4,0.8036005,Downstairs
Rikhil,13.14,6.13,-1.6480621,Downstairs
Rikhil,11.11,4.44,-3.336985,Downstairs
Rikhil,7.67,3.3,-2.2609777,Downstairs
Rikhil,4.52,2.15,-1.607201,Downstairs
Rikhil,7.27,3.95,-1.6480621,Downstairs
Rikhil,8.89,4.33,-0.50395286,Downstairs
Rikhil,9.92,8.39,10.56939,Downstairs
Rikhil,8.2,8.81,-1.334794,Downstairs
Rikhil,8.77,13.59,3.9090397000000006,Downstairs
Rikhil,13.25,8.77,-4.018002500000001,Downstairs
Rikhil,15.94,6.21,-7.9679036,Downstairs
Rikhil,9.0,6.55,-0.9125633,Downstairs
Rikhil,9.72,5.05,0.53119355,Downstairs
Rikhil,8.05,2.56,-3.1054392,Downstairs
Rikhil,7.06,-1.8,-1.9204689999999998,Downstairs
Rikhil,6.09,-0.57,-1.56634,Downstairs
Rikhil,8.01,14.41,9.847511,Downstairs
Rikhil,6.82,5.94,1.3756552,Downstairs
Rikhil,9.66,3.49,-0.95342433,Downstairs
Rikhil,12.87,7.01,-4.7535014,Downstairs
Rikhil,8.81,6.85,-2.6423476000000004,Downstairs
Rikhil,11.56,4.71,-1.6480621,Downstairs
Rikhil,10.12,3.11,-0.29964766,Downstairs
Rikhil,7.21,1.92,1.3075534,Downstairs
Rikhil,7.44,4.9,-1.7570249,Downstairs
Rikhil,7.97,3.49,-0.46309182,Downstairs
Rikhil,8.81,2.34,0.313268,Downstairs
Rikhil,8.77,7.01,0.040861044,Downstairs
Rikhil,8.5,10.5,4.862464,Downstairs
Rikhil,8.39,11.84,4.944186,Downstairs
Rikhil,9.51,9.66,2.6014863999999998,Downstairs
Rikhil,19.5,4.56,-3.6774937999999993,Downstairs
Rikhil,15.4,5.56,-2.7921712000000003,Downstairs
Rikhil,8.2,5.6,-1.0351465,Downstairs
Rikhil,5.09,2.83,0.14982383,Downstairs
Rikhil,4.21,-4.94,-1.0760075,Downstairs
Rikhil,2.83,-0.95,-1.0760075,Downstairs
Rikhil,5.18,5.75,-0.3405087,Downstairs
Rikhil,4.82,8.2,-2.3018389,Downstairs
Rikhil,9.66,5.67,4.372132,Downstairs
Rikhil,9.66,5.67,4.372132,Downstairs
Rikhil,11.54,2.56,1.1441092,Downstairs
Rikhil,12.57,5.86,0.6946376999999999,Downstairs
Rikhil,9.19,6.55,-2.1792557,Downstairs
Rikhil,14.6,14.9,4.440233,Downstairs
Rikhil,5.13,3.68,0.8036005,Downstairs
Rikhil,6.59,2.34,-2.070293,Downstairs
Rikhil,7.63,4.33,-1.525479,Downstairs
Rikhil,5.33,4.14,0.10896278,Downstairs
Rikhil,7.21,6.13,1.9204689999999998,Downstairs
Rikhil,5.71,10.12,1.6889231,Downstairs
Rikhil,11.84,11.65,2.4516625,Downstairs
Rikhil,14.63,6.4,-0.38136974,Downstairs
Rikhil,10.15,2.98,-1.7297841,Downstairs
Rikhil,6.89,2.18,-1.0351465,Downstairs
Rikhil,2.98,1.99,0.38136974,Downstairs
Rikhil,3.3,3.95,-0.08172209,Downstairs
Rikhil,10.76,9.85,3.173541,Downstairs
Rikhil,6.85,2.83,2.982856,Downstairs
Rikhil,11.5,5.37,2.2609777,Downstairs
Rikhil,12.45,9.43,0.88532263,Downstairs
Rikhil,9.85,10.99,0.38136974,Downstairs
Rikhil,8.47,6.97,2.3426998,Downstairs
Rikhil,6.7,0.8,-1.8796080000000002,Downstairs
Rikhil,8.39,3.64,-1.6480621,Downstairs
Rikhil,6.05,2.96,0.23154591,Downstairs
Rikhil,6.59,6.59,2.1111538,Downstairs
Rikhil,4.29,13.63,0.7627395,Downstairs
Rikhil,12.18,9.89,2.2201166000000003,Downstairs
Rikhil,15.05,6.55,-2.6423476000000004,Downstairs
Rikhil,12.64,2.11,-1.9204689999999998,Downstairs
Rikhil,1.84,1.5,1.3756552,Downstairs
Rikhil,3.26,5.13,1.2258313,Downstairs
Rikhil,8.35,6.78,-2.7240696,Downstairs
Rikhil,8.62,8.39,4.2495484,Downstairs
Rikhil,6.02,5.28,5.9793324,Downstairs
Rikhil,13.59,5.01,1.1849703,Downstairs
Rikhil,13.59,5.01,1.1849703,Downstairs
Rikhil,13.14,14.02,2.1792557,Downstairs
Rikhil,6.4,0.11,0.3405087,Downstairs
Rikhil,9.53,3.15,-1.7297841,Downstairs
Rikhil,9.53,3.15,-1.7297841,Downstairs
Rikhil,5.63,4.37,-0.50395286,Downstairs
Rikhil,5.6,12.22,1.9885708,Downstairs
Rikhil,10.69,11.69,2.9147543999999996,Downstairs
Rikhil,14.14,3.57,-3.1054392,Downstairs
Rikhil,7.4,1.61,-4.0588636,Downstairs
Rikhil,7.4,1.61,-4.0588636,Downstairs
Rikhil,6.74,1.27,-1.2666923,Downstairs
Rikhil,6.59,2.34,0.95342433,Downstairs
Rikhil,11.41,11.73,4.7943625,Downstairs
Rikhil,5.22,4.71,2.7921712000000003,Downstairs
Rikhil,9.38,10.42,-1.6889231,Downstairs
Rikhil,8.81,10.34,0.27240697,Downstairs
Rikhil,10.76,3.57,-1.3756552,Downstairs
Rikhil,10.38,3.72,1.4982381999999999,Downstairs
Rikhil,5.56,1.65,-0.5720546,Downstairs
Rikhil,8.24,5.98,-1.7570249,Downstairs
Rikhil,3.02,12.41,1.607201,Downstairs
Rikhil,13.57,8.08,2.8738932999999998,Downstairs
Rikhil,13.57,8.08,2.8738932999999998,Downstairs
Rikhil,13.57,8.08,2.8738932999999998,Downstairs
Rikhil,0.0,0.0,0.0,Downstairs
Rikhil,0.0,0.0,0.0,Downstairs
Rikhil,9.7,12.15,1.9885708,Downstairs
Rikhil,9.7,12.15,1.9885708,Downstairs
Rikhil,2.91,8.58,3.8681788,Downstairs
Rikhil,2.91,8.58,3.8681788,Downstairs
Rikhil,2.91,8.58,3.8681788,Downstairs
Rikhil,0.0,0.0,0.0,Downstairs
Rikhil,10.46,5.83,-0.29964766,Downstairs
Rikhil,10.46,5.83,-0.29964766,Downstairs
Rikhil,8.73,4.86,0.61291564,Downstairs
Rikhil,6.4,4.71,4.440233,Downstairs
Rikhil,6.4,4.71,4.440233,Downstairs
Rikhil,13.99,5.98,-3.9771416,Downstairs
Rikhil,10.12,3.49,-2.3426998,Downstairs
Rikhil,7.06,2.96,1.607201,Downstairs
Rikhil,7.06,2.96,1.607201,Downstairs
Rikhil,0.0,0.0,0.0,Downstairs
Rikhil,4.4,4.94,4.0588636,Downstairs
Rikhil,4.4,4.94,4.0588636,Downstairs
Rikhil,8.43,8.39,-0.46309182,Downstairs
Rikhil,11.8,7.7,-1.1849703,Downstairs
Rikhil,8.81,4.25,-0.23154591,Downstairs
Rikhil,8.58,3.11,-0.6946376999999999,Downstairs
Rikhil,7.97,4.4,-0.7627395,Downstairs
Rikhil,6.05,4.79,-0.9125633,Downstairs
Rikhil,7.06,8.69,-1.1441092,Downstairs
Rikhil,4.6,10.95,3.8273177000000005,Downstairs
Rikhil,12.53,9.77,2.1111538,Downstairs
Rikhil,17.01,8.01,0.27240697,Downstairs
Rikhil,17.01,8.01,0.27240697,Downstairs
Rikhil,0.0,0.0,0.0,Downstairs
Rikhil,0.0,0.0,0.0,Downstairs
Rikhil,0.0,0.0,0.0,Downstairs
Rikhil,6.47,-1.84,-2.6832085,Downstairs
Rikhil,6.47,-1.84,-2.6832085,Downstairs
Rikhil,0.0,0.0,0.0,Downstairs
Rikhil,9.23,9.66,-5.7886477,Downstairs
Rikhil,9.23,9.66,-5.7886477,Downstairs
Rikhil,10.08,3.87,-2.1383946,Downstairs
Rikhil,10.08,3.87,-2.1383946,Downstairs
Rikhil,9.19,1.14,-2.8330324,Downstairs
Rikhil,6.7,1.12,-0.08172209,Downstairs
Rikhil,6.7,1.12,-0.08172209,Downstairs
Rikhil,7.27,5.52,2.1792557,Downstairs
Rikhil,8.92,5.28,-0.53119355,Downstairs
Rikhil,8.5,7.89,5.366417,Downstairs
Rikhil,9.0,7.67,-1.1441092,Downstairs
Rikhil,9.85,13.06,0.46309182,Downstairs
Rikhil,9.77,10.57,0.38136974,Downstairs
Rikhil,11.75,7.31,-6.701211,Downstairs
Rikhil,8.85,10.23,-2.9556155,Downstairs
Rikhil,10.08,4.6,1.6889231,Downstairs
Rikhil,7.01,1.57,-2.3018389,Downstairs
Rikhil,7.89,3.49,-2.6423476000000004,Downstairs
Rikhil,7.46,2.64,-1.3756552,Downstairs
Rikhil,6.85,6.82,2.2201166000000003,Downstairs
Rikhil,7.35,4.6,4.9850473,Downstairs
Rikhil,7.89,5.13,-3.5957718,Downstairs
Rikhil,11.73,6.21,-2.8738932999999998,Downstairs
Rikhil,12.87,3.34,6.0201936,Downstairs
Rikhil,9.58,4.82,-3.8273177000000005,Downstairs
Rikhil,9.34,6.4,-2.8330324,Downstairs
Rikhil,5.75,6.32,-1.7978859,Downstairs
Rikhil,7.89,5.28,0.9942854,Downstairs
Rikhil,7.08,6.78,4.099725,Downstairs
Rikhil,6.85,9.0,1.334794,Downstairs
Rikhil,6.05,11.92,4.5219555,Downstairs
Rikhil,17.39,7.5,3.8681788,Downstairs
Rikhil,15.94,2.79,-3.173541,Downstairs
Rikhil,8.81,7.67,-4.440233,Downstairs
Rikhil,5.33,5.67,4.140586,Downstairs
Rikhil,3.91,0.04,-2.3018389,Downstairs
Rikhil,1.95,-2.41,-1.0351465,Downstairs
Rikhil,4.4,2.22,-2.3426998,Downstairs
Rikhil,4.94,6.7,0.53119355,Downstairs
Rikhil,10.65,6.24,2.1792557,Downstairs
Rikhil,10.65,6.24,2.1792557,Downstairs
Rikhil,9.66,5.63,1.8387468999999996,Downstairs
Rikhil,12.64,4.14,6.4424243,Downstairs
Rikhil,10.08,4.18,-3.5276701,Downstairs
Rikhil,13.76,18.31,4.3993720000000005,Downstairs
Rikhil,4.79,3.95,-1.6480621,Downstairs
Rikhil,4.29,1.33,-1.607201,Downstairs
Rikhil,10.8,4.44,-1.8796080000000002,Downstairs
Rikhil,5.28,2.07,-0.29964766,Downstairs
Rikhil,7.01,8.77,0.6946376999999999,Downstairs
Rikhil,7.5,16.82,3.6774937999999993,Downstairs
Rikhil,15.09,8.2,0.23154591,Downstairs
Rikhil,12.41,3.49,-2.1383946,Downstairs
Rikhil,7.27,1.88,-1.1849703,Downstairs
Rikhil,4.37,1.76,-0.9942854,Downstairs
Rikhil,4.1,4.29,-0.23154591,Downstairs
Rikhil,9.08,11.3,-0.38136974,Downstairs
Rikhil,8.28,7.25,4.018002500000001,Downstairs
Rikhil,9.0,2.98,3.6774937999999993,Downstairs
Rikhil,11.45,6.7,0.10896278,Downstairs
Rikhil,5.24,7.59,-3.4459480000000005,Downstairs
Rikhil,15.7,13.44,0.10896278,Downstairs
Rikhil,8.66,2.34,2.070293,Downstairs
Rikhil,6.44,1.54,-1.2258313,Downstairs
Rikhil,7.74,4.67,-2.3426998,Downstairs
Rikhil,5.52,6.13,-0.23154591,Downstairs
Rikhil,5.09,9.77,1.8387468999999996,Downstairs
Rikhil,7.5,11.07,3.7592160000000003,Downstairs
Rikhil,15.21,5.28,-0.95342433,Downstairs
Rikhil,12.26,5.05,-3.1054392,Downstairs
Rikhil,10.99,4.44,0.23154591,Downstairs
Rikhil,6.17,2.91,-0.040861044,Downstairs
Rikhil,2.87,4.02,0.040861044,Downstairs
Rikhil,6.32,4.63,-0.14982383,Downstairs
Rikhil,8.39,9.15,2.5333846,Downstairs
Rikhil,6.09,3.57,1.7570249,Downstairs
Rikhil,12.15,6.7,1.4165162,Downstairs
Rikhil,10.5,8.05,0.040861044,Downstairs
Rikhil,12.57,13.72,0.9942854,Downstairs
Rikhil,8.28,3.64,-0.6537767,Downstairs
Rikhil,10.76,4.33,-2.2201166000000003,Downstairs
Rikhil,8.16,5.09,-1.334794,Downstairs
Rikhil,4.02,7.82,2.7240696,Downstairs
Rikhil,6.24,3.53,1.0351465,Downstairs
Rikhil,7.01,4.02,-2.0294318,Downstairs
Rikhil,6.24,8.54,-1.525479,Downstairs
Rikhil,6.97,12.53,1.8387468999999996,Downstairs
Rikhil,16.89,7.46,3.4459480000000005,Downstairs
Rikhil,12.07,5.28,-1.525479,Downstairs
Rikhil,10.31,1.65,-1.1849703,Downstairs
Rikhil,6.21,2.6,-0.040861044,Downstairs
Rikhil,2.83,3.06,-0.61291564,Downstairs
Rikhil,4.14,5.01,-1.7978859,Downstairs
Rikhil,10.12,10.27,2.7921712000000003,Downstairs
Rikhil,8.28,3.3,5.7477865,Downstairs
Rikhil,10.34,4.63,1.3756552,Downstairs
Rikhil,10.57,4.71,-0.88532263,Downstairs
Rikhil,16.4,12.37,-1.607201,Downstairs
Rikhil,7.01,6.55,0.50395286,Downstairs
Rikhil,7.78,2.87,-3.173541,Downstairs
Rikhil,7.74,3.76,-1.3756552,Downstairs
Rikhil,6.74,5.67,-1.334794,Downstairs
Rikhil,4.75,7.25,3.4868089999999996,Downstairs
Rikhil,4.75,7.25,3.4868089999999996,Downstairs
Rikhil,7.7,6.78,-1.3075534,Downstairs
Rikhil,6.47,13.72,1.1441092,Downstairs
Rikhil,15.4,9.11,0.92618364,Downstairs
Rikhil,10.99,1.31,-2.8330324,Downstairs
Rikhil,10.99,1.31,-2.8330324,Downstairs
Rikhil,4.37,4.33,1.1168685,Downstairs
Rikhil,3.99,1.65,-0.6537767,Downstairs
Rikhil,6.59,4.71,-1.1441092,Downstairs
Rikhil,9.85,6.17,0.6946376999999999,Downstairs
Rikhil,7.31,7.89,0.53119355,Downstairs
Rikhil,15.89,5.33,5.938472,Downstairs
Rikhil,7.06,7.25,-3.7592160000000003,Downstairs
Rikhil,11.11,7.35,-0.7627395,Downstairs
Rikhil,11.26,7.12,-1.525479,Downstairs
Rikhil,4.06,2.87,0.08172209,Downstairs
Rikhil,7.5,5.28,-0.42223078,Downstairs
Rikhil,5.6,7.67,2.3699405,Downstairs
Rikhil,6.82,8.01,0.84446156,Downstairs
Rikhil,14.21,5.75,-1.525479,Downstairs
Rikhil,14.02,4.67,-3.5685309999999997,Downstairs
Rikhil,8.08,-0.57,0.84446156,Downstairs
Rikhil,6.66,1.14,-1.525479,Downstairs
Rikhil,7.5,4.6,0.19068487,Downstairs
Rikhil,10.31,9.53,-0.040861044,Downstairs
Rikhil,2.96,12.03,0.42223078,Downstairs
Rikhil,12.3,8.69,5.0531489999999994,Downstairs
Rikhil,12.87,5.9,-0.9942854,Downstairs
Rikhil,10.27,6.09,-3.4459480000000005,Downstairs
Rikhil,12.57,6.93,-2.2201166000000003,Downstairs
Rikhil,12.57,6.93,-2.2201166000000003,Downstairs
Rikhil,6.85,2.87,0.0,Downstairs
Rikhil,5.71,5.33,0.040861044,Downstairs
Rikhil,5.56,7.46,0.040861044,Downstairs
Rikhil,3.3,12.64,2.4516625,Downstairs
Rikhil,3.3,12.64,2.4516625,Downstairs
Rikhil,3.3,12.64,2.4516625,Downstairs
Rikhil,3.3,12.64,2.4516625,Downstairs
Rikhil,0.0,0.0,0.0,Downstairs
Rikhil,8.28,7.55,2.982856,Downstairs
Rikhil,9.66,1.27,-1.525479,Downstairs
Rikhil,8.01,-0.76,-0.53119355,Downstairs
Rikhil,8.01,-0.76,-0.53119355,Downstairs
Rikhil,0.0,0.0,0.0,Downstairs
Rikhil,7.82,4.06,1.1849703,Downstairs
Rikhil,7.82,4.06,1.1849703,Downstairs
Rikhil,10.04,7.74,-2.4516625,Downstairs
Rikhil,8.39,4.71,-0.08172209,Downstairs
Rikhil,10.15,5.01,-3.7592160000000003,Downstairs
Rikhil,9.7,5.22,-2.982856,Downstairs
Rikhil,8.35,3.6,-1.4165162,Downstairs
Rikhil,9.58,0.99,2.8330324,Downstairs
Rikhil,8.08,4.1,-1.607201,Downstairs
Rikhil,7.78,5.56,-0.08172209,Downstairs
Rikhil,7.86,9.81,3.4868089999999996,Downstairs
Rikhil,6.09,11.45,3.8681788,Downstairs
Rikhil,11.5,12.07,0.50395286,Downstairs
Rikhil,16.63,5.86,-4.018002500000001,Downstairs
Rikhil,14.41,6.59,-6.9327570000000005,Downstairs
Rikhil,7.46,6.89,0.19068487,Downstairs
Rikhil,8.47,0.76,0.92618364,Downstairs
Rikhil,6.21,-0.65,-3.9090397000000006,Downstairs
Rikhil,6.47,-0.95,-1.2666923,Downstairs
Rikhil,5.9,10.12,4.3312707,Downstairs
Rikhil,6.74,8.01,0.88532263,Downstairs
Rikhil,13.72,2.83,-2.1792557,Downstairs
Rikhil,10.27,5.43,-3.336985,Downstairs
Rikhil,9.19,3.91,5.5162406,Downstairs
Rikhil,8.24,5.83,-3.1463002999999996,Downstairs
Rikhil,5.43,7.16,-0.7627395,Downstairs
Rikhil,4.86,6.36,0.46309182,Downstairs
Rikhil,8.24,5.01,0.27240697,Downstairs
Rikhil,7.06,1.69,-0.3405087,Downstairs
Rikhil,8.35,2.53,-0.9125633,Downstairs
Rikhil,6.97,8.31,1.1441092,Downstairs
Rikhil,5.83,10.69,2.6423476000000004,Downstairs
Rikhil,11.22,10.34,0.88532263,Downstairs
Rikhil,15.32,9.92,-0.14982383,Downstairs
Rikhil,11.73,2.45,-0.14982383,Downstairs
Rikhil,7.16,1.04,-0.38136974,Downstairs
Rikhil,5.71,0.84,-1.2258313,Downstairs
Rikhil,5.79,2.41,0.3405087,Downstairs
Rikhil,7.4,5.41,0.08172209,Downstairs
Rikhil,7.67,5.9,3.5685309999999997,Downstairs
Rikhil,7.67,5.9,3.5685309999999997,Downstairs
Rikhil,14.1,4.94,2.982856,Downstairs
Rikhil,10.99,5.63,-2.0294318,Downstairs
Rikhil,12.98,14.37,0.6946376999999999,Downstairs
Rikhil,12.98,14.37,0.6946376999999999,Downstairs
Rikhil,6.74,2.49,-1.525479,Downstairs
Rikhil,6.74,2.49,-1.525479,Downstairs
Rikhil,7.78,4.1,-1.9204689999999998,Downstairs
Rikhil,5.37,3.45,-0.08172209,Downstairs
Rikhil,7.5,6.93,2.152015,Downstairs
Rikhil,5.94,9.43,1.3756552,Downstairs
Rikhil,13.14,10.38,4.3312707,Downstairs
Rikhil,14.37,5.48,-0.42223078,Downstairs
Rikhil,11.65,5.05,-3.3642258999999997,Downstairs
Rikhil,5.09,5.9,-1.2666923,Downstairs
Rikhil,4.33,1.14,0.92618364,Downstairs
Rikhil,3.87,1.92,-1.3756552,Downstairs
Rikhil,6.02,8.35,1.1441092,Downstairs
Rikhil,10.0,7.31,3.2552630000000002,Downstairs
Rikhil,8.2,4.9,2.1792557,Downstairs
Rikhil,12.83,5.83,2.8738932999999998,Downstairs
Rikhil,8.77,8.24,-3.173541,Downstairs
Rikhil,11.26,16.21,3.5957718,Downstairs
Rikhil,7.21,4.48,0.42223078,Downstairs
Rikhil,6.66,1.12,-2.1792557,Downstairs
Rikhil,7.74,2.41,-1.9204689999999998,Downstairs
Rikhil,5.43,2.18,-1.3075534,Downstairs
Rikhil,5.6,7.06,-0.61291564,Downstairs
Rikhil,5.56,15.83,2.5606253,Downstairs
Rikhil,13.14,6.47,1.4573771999999998,Downstairs
Rikhil,14.25,3.45,-5.0531489999999994,Downstairs
Rikhil,9.89,1.84,3.0645783,Downstairs
Rikhil,6.82,2.11,-0.61291564,Downstairs
Rikhil,6.66,3.83,-0.46309182,Downstairs
Rikhil,8.35,13.02,0.14982383,Downstairs
Rikhil,5.33,8.54,3.5957718,Downstairs
Rikhil,11.11,5.98,3.336985,Downstairs
Rikhil,10.19,9.77,-2.8330324,Downstairs
Rikhil,11.41,6.36,-0.14982383,Downstairs
Rikhil,8.66,2.41,-1.6889231,Downstairs
Rikhil,7.31,3.26,-0.88532263,Downstairs
Rikhil,6.51,6.21,-1.4165162,Downstairs
Rikhil,4.71,6.93,2.3018389,Downstairs
Rikhil,7.31,11.99,4.3993720000000005,Downstairs
Rikhil,14.06,4.52,-1.4165162,Downstairs
Rikhil,11.56,1.99,-5.284695,Downstairs
Rikhil,9.43,4.37,2.6014863999999998,Downstairs
Rikhil,9.43,4.37,2.6014863999999998,Downstairs
Rikhil,6.05,4.86,-1.9885708,Downstairs
Rikhil,7.5,12.64,4.2495484,Downstairs
Rikhil,3.91,4.9,1.0760075,Downstairs
Rikhil,14.41,7.7,1.3075534,Downstairs
Rikhil,8.85,10.99,-1.2258313,Downstairs
Rikhil,9.66,7.08,2.9147543999999996,Downstairs
Rikhil,8.39,0.27,-2.2201166000000003,Downstairs
Rikhil,11.45,2.45,-2.982856,Downstairs
Rikhil,5.94,3.11,-1.525479,Downstairs
Rikhil,2.41,11.11,1.607201,Downstairs
Rikhil,2.41,11.11,1.607201,Downstairs
Rikhil,9.77,4.9,3.4050870000000004,Downstairs
Rikhil,9.77,4.9,3.4050870000000004,Downstairs
Rikhil,0.0,0.0,0.0,Downstairs
Rikhil,11.84,5.52,5.0531489999999994,Downstairs
Rikhil,11.84,5.52,5.0531489999999994,Downstairs
Rikhil,7.5,6.02,4.099725,Downstairs
Rikhil,8.24,5.86,-2.7240696,Downstairs
Rikhil,8.24,5.86,-2.7240696,Downstairs
Rikhil,15.83,9.23,1.0351465,Downstairs
Rikhil,3.99,0.84,0.7627395,Downstairs
Rikhil,6.36,3.83,-1.4165162,Downstairs
Rikhil,7.12,8.73,-1.4982381999999999,Downstairs
Rikhil,7.12,8.73,-1.4982381999999999,Downstairs
Rikhil,7.55,10.31,3.6366330000000002,Downstairs
Rikhil,0.0,0.0,0.0,Downstairs
Rikhil,0.0,0.0,0.0,Downstairs
Rikhil,13.87,4.86,-5.7477865,Downstairs
Rikhil,9.53,3.87,10.079058,Downstairs
Rikhil,6.13,3.6,-0.23154591,Downstairs
Rikhil,9.58,5.13,3.5276701,Downstairs
Rikhil,4.82,11.84,8.539958,Downstairs
Rikhil,10.46,4.86,-0.50395286,Downstairs
Rikhil,10.46,4.86,-0.50395286,Downstairs
Rikhil,0.0,0.0,0.0,Downstairs
Rikhil,0.0,0.0,0.0,Downstairs
Rikhil,13.72,7.74,-1.4573771999999998,Downstairs
Rikhil,10.61,2.53,2.6832085,Downstairs
Rikhil,7.35,4.21,-2.1111538,Downstairs
Rikhil,4.79,4.6,-2.1792557,Downstairs
Rikhil,8.39,5.09,-1.4982381999999999,Downstairs
Rikhil,8.58,8.77,3.8681788,Downstairs
Rikhil,8.24,10.0,0.88532263,Downstairs
Rikhil,7.89,12.57,1.1168685,Downstairs
Rikhil,17.47,4.99,-5.938472,Downstairs
Rikhil,13.59,6.82,-7.04172,Downstairs
Rikhil,7.27,6.59,-1.4165162,Downstairs
Rikhil,8.05,2.11,2.1792557,Downstairs
Rikhil,7.59,2.53,-3.8273177000000005,Downstairs
Rikhil,7.97,0.34,-2.8738932999999998,Downstairs
Rikhil,7.59,5.05,2.9556155,Downstairs
Rikhil,7.74,8.89,2.7921712000000003,Downstairs
Rikhil,8.69,3.17,0.46309182,Downstairs
Rikhil,12.03,4.99,-2.0294318,Downstairs
Rikhil,6.74,9.19,2.4925237,Downstairs
Rikhil,9.85,3.99,-3.336985,Downstairs
Rikhil,9.43,3.6,-3.4868089999999996,Downstairs
Rikhil,7.59,4.48,-0.8036005,Downstairs
Rikhil,6.93,5.75,1.1849703,Downstairs
Rikhil,6.32,6.36,-0.6537767,Downstairs
Rikhil,5.48,5.01,1.334794,Downstairs
Rikhil,6.4,3.72,-1.1849703,Downstairs
Rikhil,5.94,5.75,-0.14982383,Downstairs
Rikhil,7.16,8.24,-0.08172209,Downstairs
Rikhil,8.77,11.99,2.0294318,Downstairs
Rikhil,15.79,7.78,1.7570249,Downstairs
Rikhil,13.87,3.79,-1.9204689999999998,Downstairs
Rikhil,8.35,2.83,0.27240697,Downstairs
Rikhil,5.6,2.87,-0.040861044,Downstairs
Rikhil,4.37,2.98,-0.88532263,Downstairs
Rikhil,5.37,3.53,-0.9942854,Downstairs
Rikhil,8.08,9.34,1.9204689999999998,Downstairs
Rikhil,6.59,6.66,2.070293,Downstairs
Rikhil,10.8,5.41,4.372132,Downstairs
Rikhil,13.1,5.28,-0.040861044,Downstairs
Rikhil,7.55,10.84,-1.1849703,Downstairs
Rikhil,12.37,11.03,3.336985,Downstairs
Rikhil,7.01,2.45,-1.7978859,Downstairs
Rikhil,10.15,3.79,-2.1383946,Downstairs
Rikhil,6.63,3.45,-1.56634,Downstairs
Rikhil,6.4,4.44,1.8796080000000002,Downstairs
Rikhil,6.36,5.01,-0.6537767,Downstairs
Rikhil,5.63,11.11,1.3075534,Downstairs
Rikhil,10.65,9.81,3.5276701,Downstairs
Rikhil,15.28,6.85,0.313268,Downstairs
Rikhil,8.81,4.79,-1.4573771999999998,Downstairs
Rikhil,9.51,3.41,-0.08172209,Downstairs
Rikhil,4.33,1.5,1.2666923,Downstairs
Rikhil,5.63,1.84,-1.6480621,Downstairs
Rikhil,7.01,8.08,0.313268,Downstairs
Rikhil,6.17,9.15,2.070293,Downstairs
Rikhil,7.63,6.66,5.5571017,Downstairs
Rikhil,10.76,3.95,0.6537767,Downstairs
Rikhil,13.29,10.27,-1.7570249,Downstairs
Rikhil,7.78,11.14,1.334794,Downstairs
Rikhil,10.34,3.41,-0.53119355,Downstairs
Rikhil,8.12,1.5,-1.6889231,Downstairs
Rikhil,8.62,2.18,-1.1168685,Downstairs
Rikhil,6.02,4.4,-0.46309182,Downstairs
Rikhil,4.75,8.16,3.0645783,Downstairs
Rikhil,4.52,12.07,1.8796080000000002,Downstairs
Rikhil,15.55,9.85,1.4982381999999999,Downstairs
Rikhil,12.22,5.24,-1.56634,Downstairs
Rikhil,10.27,2.11,-0.27240697,Downstairs
Rikhil,6.09,3.53,0.23154591,Downstairs
Rikhil,4.9,3.6,0.46309182,Downstairs
Rikhil,5.9,5.43,-0.7218784,Downstairs
Rikhil,7.21,9.43,4.7126402999999994,Downstairs
Rikhil,5.83,4.56,1.0760075,Downstairs
Rikhil,10.0,4.14,2.5606253,Downstairs
Rikhil,13.57,9.23,-0.95342433,Downstairs
Rikhil,6.89,7.06,1.6480621,Downstairs
Rikhil,13.14,7.44,-2.2609777,Downstairs
Rikhil,7.06,6.51,-0.50395286,Downstairs
Rikhil,6.51,2.15,-0.7218784,Downstairs
Rikhil,7.82,4.79,-0.10896278,Downstairs
Rikhil,4.33,7.86,3.5276701,Downstairs
Rikhil,6.4,6.59,1.6480621,Downstairs
Rikhil,12.79,9.38,0.7627395,Downstairs
Rikhil,13.82,5.33,-1.3075534,Downstairs
Rikhil,8.85,2.03,0.95342433,Downstairs
Rikhil,5.98,6.17,-0.040861044,Downstairs
Rikhil,4.94,6.47,-0.14982383,Downstairs
Rikhil,6.7,5.24,-0.61291564,Downstairs
Rikhil,8.01,8.73,2.3018389,Downstairs
Rikhil,4.29,8.58,5.47538,Downstairs
Rikhil,8.96,4.1,0.08172209,Downstairs
Rikhil,12.72,8.31,-0.7218784,Downstairs
Rikhil,6.89,10.76,-0.27240697,Downstairs
Rikhil,11.22,2.53,0.313268,Downstairs
Rikhil,11.69,2.6,-2.1792557,Downstairs
Rikhil,7.16,3.57,-2.2201166000000003,Downstairs
Rikhil,4.25,5.48,6.0882955,Downstairs
Rikhil,2.64,10.5,2.4925237,Downstairs
Rikhil,2.64,10.5,2.4925237,Downstairs
Rikhil,2.64,10.5,2.4925237,Downstairs
Rikhil,10.99,5.67,0.19068487,Downstairs
Rikhil,0.0,0.0,0.0,Downstairs
Rikhil,0.0,0.0,0.0,Downstairs
Rikhil,4.48,5.79,-0.5720546,Downstairs
Rikhil,5.94,4.6,-1.4165162,Downstairs
Rikhil,8.92,10.95,3.1463002999999996,Downstairs
Rikhil,3.45,7.74,4.6036777,Downstairs
Rikhil,15.85,3.11,1.9477096999999999,Downstairs
Rikhil,15.85,3.11,1.9477096999999999,Downstairs
Rikhil,0.0,0.0,0.0,Downstairs
Rikhil,0.0,0.0,0.0,Downstairs
Rikhil,8.2,3.83,-1.4573771999999998,Downstairs
Rikhil,5.86,4.71,-0.61291564,Downstairs
Rikhil,5.98,8.5,3.6774937999999993,Downstairs
Rikhil,4.25,7.31,-0.08172209,Downstairs
Rikhil,4.79,10.8,0.7627395,Downstairs
Rikhil,11.6,8.01,2.1111538,Downstairs
Rikhil,13.91,7.46,-2.3426998,Downstairs
Rikhil,11.18,4.25,-1.8387468999999996,Downstairs
Rikhil,10.99,8.69,3.7592160000000003,Downstairs
Rikhil,3.95,4.94,1.1168685,Downstairs
Rikhil,4.29,0.95,-1.0760075,Downstairs
Rikhil,7.12,0.57,0.50395286,Downstairs
Rikhil,6.36,5.79,3.5957718,Downstairs
Rikhil,5.63,13.76,6.973617999999999,Downstairs
Rikhil,9.72,2.22,2.2201166000000003,Downstairs
Rikhil,10.61,4.18,-2.1383946,Downstairs
Rikhil,10.61,4.18,-2.1383946,Downstairs
Rikhil,0.0,0.0,0.0,Downstairs
Rikhil,10.27,7.82,1.8387468999999996,Downstairs
Rikhil,10.27,7.82,1.8387468999999996,Downstairs
Rikhil,10.27,7.82,1.8387468999999996,Downstairs
Rikhil,10.27,7.82,1.8387468999999996,Downstairs
Rikhil,10.27,7.82,1.8387468999999996,Downstairs
Rikhil,0.0,0.0,0.0,Downstairs
Rikhil,0.0,0.0,0.0,Downstairs
Rikhil,8.66,8.77,5.5571017,Downstairs
Rikhil,8.81,9.89,-3.4050870000000004,Downstairs
Rikhil,17.24,8.77,-6.2789803,Downstairs
Rikhil,10.92,10.53,-8.049625,Downstairs
Rikhil,8.39,6.02,1.1849703,Downstairs
Rikhil,9.47,4.48,0.7218784,Downstairs
Rikhil,6.59,1.31,-3.9090397000000006,Downstairs
Rikhil,7.59,-1.8,-1.0760075,Downstairs
Rikhil,6.36,3.11,-1.4982381999999999,Downstairs
Rikhil,9.92,11.41,6.238119,Downstairs
Rikhil,7.5,12.98,1.9885708,Downstairs
Rikhil,12.6,0.31,-0.3405087,Downstairs
Rikhil,7.12,1.31,-1.525479,Downstairs
Rikhil,12.07,6.7,-2.982856,Downstairs
Rikhil,6.82,6.89,0.19068487,Downstairs
Rikhil,8.96,4.71,-0.8036005,Downstairs
Rikhil,8.69,5.01,0.3405087,Downstairs
Rikhil,8.43,3.87,-1.0351465,Downstairs
Rikhil,7.78,4.44,-0.7218784,Downstairs
Rikhil,2.26,3.6,1.1849703,Downstairs
Rikhil,9.58,4.99,0.46309182,Downstairs
Rikhil,7.93,4.14,1.5390993,Downstairs
Rikhil,6.89,6.51,-0.6946376999999999,Downstairs
Rikhil,9.19,15.47,2.1792557,Downstairs
Rikhil,13.91,4.99,0.61291564,Downstairs
Rikhil,14.56,4.37,-2.982856,Downstairs
Rikhil,6.85,3.83,2.4925237,Downstairs
Rikhil,4.71,-0.42,-2.6014863999999998,Downstairs
Rikhil,2.3,0.76,-1.1849703,Downstairs
Rikhil,6.47,5.63,-0.9125633,Downstairs
Rikhil,10.31,12.87,2.6014863999999998,Downstairs
Rikhil,3.57,9.0,4.944186,Downstairs
Rikhil,13.95,5.43,-1.3075534,Downstairs
Rikhil,12.6,6.05,-1.525479,Downstairs
Rikhil,11.14,10.34,0.84446156,Downstairs
Rikhil,5.75,2.64,-1.7978859,Downstairs
Rikhil,10.19,5.52,-2.1111538,Downstairs
Rikhil,7.74,3.26,-1.4165162,Downstairs
Rikhil,8.05,3.79,3.2552630000000002,Downstairs
Rikhil,4.52,9.53,0.7627395,Downstairs
Rikhil,6.55,11.65,3.4459480000000005,Downstairs
Rikhil,6.55,11.65,3.4459480000000005,Downstairs
Rikhil,14.21,4.21,0.14982383,Downstairs
Rikhil,11.3,2.53,-3.4459480000000005,Downstairs
Rikhil,9.34,2.91,-0.6946376999999999,Downstairs
Rikhil,4.4,4.37,0.7627395,Downstairs
Rikhil,6.7,6.17,-0.9125633,Downstairs
Rikhil,9.08,7.86,4.7943625,Downstairs
Rikhil,5.83,5.71,2.7240696,Downstairs
Rikhil,11.88,7.16,0.08172209,Downstairs
Rikhil,9.51,11.54,-1.334794,Downstairs
Rikhil,11.22,8.77,0.5720546,Downstairs
Rikhil,9.96,3.17,-1.8387468999999996,Downstairs
Rikhil,7.63,2.34,-1.3756552,Downstairs
Rikhil,7.59,1.8,-0.38136974,Downstairs
Rikhil,4.33,6.74,2.8330324,Downstairs
Rikhil,2.96,8.81,1.2258313,Downstairs
Rikhil,9.89,6.44,-1.4573771999999998,Downstairs
Rikhil,16.17,9.0,-3.0237172,Downstairs
Rikhil,10.42,3.83,0.3405087,Downstairs
Rikhil,7.82,0.93,0.53119355,Downstairs
Rikhil,6.09,7.93,0.6946376999999999,Downstairs
Rikhil,7.31,8.05,0.50395286,Downstairs
Rikhil,8.05,5.48,2.7649305,Downstairs
Rikhil,5.63,5.9,0.9942854,Downstairs
Rikhil,9.7,5.43,3.0645783,Downstairs
Rikhil,8.28,6.78,-3.336985,Downstairs
Rikhil,10.5,13.29,-1.3075534,Downstairs
Rikhil,9.38,6.93,3.0645783,Downstairs
Rikhil,7.06,0.23,-0.9125633,Downstairs
Rikhil,12.57,4.71,-2.1383946,Downstairs
Rikhil,5.71,2.49,-1.8387468999999996,Downstairs
Rikhil,5.75,6.44,0.313268,Downstairs
Rikhil,4.14,12.41,2.152015,Downstairs
Rikhil,10.23,10.0,1.9477096999999999,Downstairs
Rikhil,13.38,5.9,-1.9477096999999999,Downstairs
Rikhil,9.28,3.95,-3.8681788,Downstairs
Rikhil,9.08,4.37,1.8387468999999996,Downstairs
Rikhil,6.59,1.54,-0.46309182,Downstairs
Rikhil,6.24,6.44,0.61291564,Downstairs
Rikhil,6.05,9.77,0.92618364,Downstairs
Rikhil,8.12,4.48,1.7297841,Downstairs
Rikhil,7.44,6.4,-0.10896278,Downstairs
Rikhil,12.15,9.66,1.6889231,Downstairs
Rikhil,4.52,7.21,-0.84446156,Downstairs
Rikhil,15.64,9.72,-0.14982383,Downstairs
Rikhil,8.28,2.22,-1.8387468999999996,Downstairs
Rikhil,9.66,3.72,-1.2666923,Downstairs
Rikhil,6.4,4.9,-1.7978859,Downstairs
Rikhil,4.33,4.71,-1.0760075,Downstairs
Rikhil,6.85,10.61,0.95342433,Downstairs
Rikhil,3.83,13.14,1.6480621,Downstairs
Rikhil,14.9,7.12,1.6480621,Downstairs
Rikhil,11.92,3.17,-3.3642258999999997,Downstairs
Rikhil,8.12,1.76,-1.4573771999999998,Downstairs
Rikhil,9.66,6.97,1.7297841,Downstairs
Rikhil,6.17,4.21,-0.84446156,Downstairs
Rikhil,6.09,2.45,-1.1849703,Downstairs
Rikhil,8.73,7.21,1.8796080000000002,Downstairs
Rikhil,5.24,6.4,1.7978859,Downstairs
Rikhil,13.02,3.87,4.372132,Downstairs
Rikhil,11.5,10.27,-1.525479,Downstairs
Rikhil,6.74,6.13,-1.1168685,Downstairs
Rikhil,13.91,6.55,-2.6423476000000004,Downstairs
Rikhil,9.15,2.76,-0.61291564,Downstairs
Rikhil,5.75,1.99,-0.50395286,Downstairs
Rikhil,7.86,6.85,-1.4165162,Downstairs
Rikhil,4.75,6.55,2.5333846,Downstairs
Rikhil,3.53,9.04,2.4516625,Downstairs
Rikhil,7.31,10.08,1.334794,Downstairs
Rikhil,16.28,7.7,-0.46309182,Downstairs
Rikhil,13.59,4.1,-0.3405087,Downstairs
Rikhil,12.15,5.9,0.14982383,Downstairs
Rikhil,6.89,4.82,2.4108016,Downstairs
Rikhil,5.37,0.42,0.313268,Downstairs
Rikhil,7.59,-0.04,-1.1441092,Downstairs
Rikhil,7.59,7.12,8.471855999999999,Downstairs
Rikhil,7.59,7.12,8.471855999999999,Downstairs
Rikhil,2.45,12.57,3.0237172,Downstairs
Rikhil,2.45,12.57,3.0237172,Downstairs
Rikhil,2.45,12.57,3.0237172,Downstairs
Rikhil,0.0,0.0,0.0,Downstairs
Rikhil,8.39,2.64,-0.53119355,Downstairs
Rikhil,8.47,2.15,-1.0351465,Downstairs
Rikhil,7.86,1.5,0.19068487,Downstairs
Rikhil,7.86,1.5,0.19068487,Downstairs
Rikhil,7.86,1.5,0.19068487,Downstairs
Rikhil,0.0,0.0,0.0,Downstairs
Rikhil,8.28,9.19,-0.7627395,Downstairs
Rikhil,5.28,12.57,3.7592160000000003,Downstairs
Rikhil,10.19,10.92,1.6889231,Downstairs
Rikhil,11.14,7.63,-1.7297841,Downstairs
Rikhil,15.24,6.28,-5.5571017,Downstairs
Rikhil,10.57,6.97,-5.8976107,Downstairs
Rikhil,6.78,9.58,-0.19068487,Downstairs
Rikhil,8.92,5.98,0.46309182,Downstairs
Rikhil,7.86,4.63,-4.372132,Downstairs
Rikhil,9.28,-0.91,-0.7627395,Downstairs
Rikhil,7.4,-0.11,0.92618364,Downstairs
Rikhil,7.46,6.02,4.2086873,Downstairs
Rikhil,3.15,9.77,1.6889231,Downstairs
Rikhil,5.05,12.15,0.53119355,Downstairs
Rikhil,5.41,12.83,0.313268,Downstairs
Rikhil,12.37,3.11,2.9147543999999996,Downstairs
Rikhil,9.89,5.67,1.1441092,Downstairs
Rikhil,10.34,3.06,-3.1054392,Downstairs
Rikhil,8.77,5.75,-3.1054392,Downstairs
Rikhil,6.89,6.17,-3.7592160000000003,Downstairs
Rikhil,9.04,5.71,-1.0760075,Downstairs
Rikhil,9.38,2.98,8.539958,Downstairs
Rikhil,7.4,6.4,-1.4165162,Downstairs
Rikhil,7.21,5.94,1.8387468999999996,Downstairs
Rikhil,7.4,2.83,0.8036005,Downstairs
Rikhil,3.87,3.21,0.27240697,Downstairs
Rikhil,7.67,3.41,0.5720546,Downstairs
Rikhil,7.08,2.45,-0.38136974,Downstairs
Rikhil,7.59,8.16,-2.3426998,Downstairs
Rikhil,4.37,17.35,2.6832085,Downstairs
Rikhil,16.13,10.15,5.7477865,Downstairs
Rikhil,17.69,5.28,-2.4925237,Downstairs
Rikhil,17.69,5.28,-2.4925237,Downstairs
Rikhil,0.0,0.0,0.0,Downstairs
Rikhil,0.0,0.0,0.0,Downstairs
Rikhil,0.0,0.0,0.0,Downstairs
Rikhil,0.0,0.0,0.0,Downstairs
Rikhil,4.71,7.74,-0.5720546,Downstairs
Rikhil,4.71,7.74,-0.5720546,Downstairs
Rikhil,9.85,5.05,7.164303,Downstairs
Rikhil,9.85,5.05,7.164303,Downstairs
Rikhil,9.58,6.17,-3.336985,Downstairs
Rikhil,15.43,15.28,4.0588636,Downstairs
Rikhil,6.24,5.79,-0.7218784,Downstairs
Rikhil,7.21,3.57,-2.2609777,Downstairs
Rikhil,7.25,3.34,-1.4982381999999999,Downstairs
Rikhil,6.44,4.82,-1.4165162,Downstairs
Rikhil,4.75,4.48,5.1348709999999995,Downstairs
Rikhil,5.79,4.02,-1.7570249,Downstairs
Rikhil,3.83,9.72,2.3699405,Downstairs
Rikhil,14.1,11.69,4.440233,Downstairs
Rikhil,17.39,6.47,-2.4925237,Downstairs
Rikhil,11.75,7.89,2.6014863999999998,Downstairs
Rikhil,3.99,5.22,1.0351465,Downstairs
Rikhil,5.52,1.54,-0.84446156,Downstairs
Rikhil,5.05,-0.11,-1.3756552,Downstairs
Rikhil,4.86,4.33,-0.27240697,Downstairs
Rikhil,6.93,13.95,2.3018389,Downstairs
Rikhil,4.25,6.78,2.7921712000000003,Downstairs
Rikhil,13.63,4.21,3.4868089999999996,Downstairs
Rikhil,14.37,8.73,-3.5685309999999997,Downstairs
Rikhil,11.75,13.48,3.9499009,Downstairs
Rikhil,10.57,2.15,-1.334794,Downstairs
Rikhil,8.73,2.96,-2.3699405,Downstairs
Rikhil,6.17,2.03,-1.4165162,Downstairs
Rikhil,4.75,2.91,-0.95342433,Downstairs
Rikhil,7.63,6.66,-1.6480621,Downstairs
Rikhil,2.87,9.3,6.0474343,Downstairs
Rikhil,8.5,14.06,4.0588636,Downstairs
Rikhil,14.86,8.31,-0.42223078,Downstairs
Rikhil,13.29,4.37,-2.8330324,Downstairs
Rikhil,6.02,4.18,0.08172209,Downstairs
Rikhil,6.02,4.18,0.08172209,Downstairs
Rikhil,6.02,4.18,0.08172209,Downstairs
Rikhil,3.11,5.01,0.38136974,Downstairs
Rikhil,0.0,0.0,0.0,Downstairs
Rikhil,6.36,6.28,4.140586,Downstairs
Rikhil,8.58,3.49,2.9147543999999996,Downstairs
Rikhil,8.58,3.49,2.9147543999999996,Downstairs
Rikhil,8.58,3.49,2.9147543999999996,Downstairs
Rikhil,0.0,0.0,0.0,Downstairs
Rikhil,16.13,9.81,1.6889231,Downstairs
Rikhil,7.16,3.45,-0.42223078,Downstairs
Rikhil,7.21,3.3,-1.4982381999999999,Downstairs
Rikhil,7.21,3.3,-1.4982381999999999,Downstairs
Rikhil,5.67,5.75,-0.7627395,Downstairs
Rikhil,4.33,8.31,4.671779,Downstairs
Rikhil,8.96,8.77,1.2258313,Downstairs
Rikhil,15.17,10.04,-0.7627395,Downstairs
Rikhil,12.3,4.79,-1.7570249,Downstairs
Rikhil,9.85,2.6,0.9942854,Downstairs
Rikhil,6.05,2.49,-0.38136974,Downstairs
Rikhil,3.83,3.95,-0.10896278,Downstairs
Rikhil,6.02,4.86,-0.14982383,Downstairs
Rikhil,9.0,6.63,2.6014863999999998,Downstairs
Rikhil,6.05,4.56,3.6774937999999993,Downstairs
Rikhil,11.03,5.75,1.0760075,Downstairs
Rikhil,11.41,11.65,0.19068487,Downstairs
Rikhil,13.57,12.6,2.3699405,Downstairs
Rikhil,8.85,2.91,-1.9885708,Downstairs
Rikhil,11.14,4.21,-1.9477096999999999,Downstairs
Rikhil,6.59,3.15,-1.8387468999999996,Downstairs
Rikhil,4.21,3.72,-0.27240697,Downstairs
Rikhil,5.98,7.08,-0.61291564,Downstairs
Rikhil,2.41,8.81,1.1441092,Downstairs
Rikhil,5.86,11.41,1.4982381999999999,Downstairs
Rikhil,13.67,10.0,2.5333846,Downstairs
Rikhil,15.47,5.6,-0.6946376999999999,Downstairs
Rikhil,12.87,2.18,0.10896278,Downstairs
Rikhil,7.25,6.05,0.5720546,Downstairs
Rikhil,4.71,2.22,0.313268,Downstairs
Rikhil,5.6,3.64,-1.607201,Downstairs
Rikhil,7.35,3.64,-0.42223078,Downstairs
Rikhil,8.89,5.79,3.4868089999999996,Downstairs
Rikhil,9.43,6.44,3.4050870000000004,Downstairs
Rikhil,7.93,8.28,1.6889231,Downstairs
Rikhil,10.95,5.6,0.08172209,Downstairs
Rikhil,13.33,5.05,-2.7240696,Downstairs
Rikhil,14.86,2.15,3.1463002999999996,Downstairs
Rikhil,7.89,2.41,-1.7297841,Downstairs
Rikhil,8.05,3.83,-1.6480621,Downstairs
Rikhil,7.74,3.76,-1.0760075,Downstairs
Rikhil,5.75,1.27,2.4108016,Downstairs
Rikhil,7.74,5.37,2.5333846,Downstairs
Rikhil,6.17,8.05,2.5333846,Downstairs
Rikhil,9.66,4.75,1.5390993,Downstairs
Rikhil,17.69,3.21,4.3312707,Downstairs
Rikhil,13.18,3.17,-0.08172209,Downstairs
Rikhil,10.76,1.38,-0.88532263,Downstairs
Rikhil,5.6,1.08,1.2258313,Downstairs
Rikhil,6.85,0.99,-1.4165162,Downstairs
Rikhil,5.79,1.08,-1.4982381999999999,Downstairs
Rikhil,7.82,2.72,0.040861044,Downstairs
Rikhil,11.18,-0.15,6.0882955,Downstairs
Rikhil,14.9,2.64,3.336985,Downstairs
Rikhil,14.86,3.02,-2.7513103,Downstairs
Rikhil,16.36,3.11,-2.3699405,Downstairs
Rikhil,15.21,4.44,-0.84446156,Downstairs
Rikhil,14.6,2.07,-1.9477096999999999,Downstairs
Rikhil,9.58,2.87,-0.14982383,Downstairs
Rikhil,7.63,3.57,1.8387468999999996,Downstairs
Rikhil,9.0,4.56,4.099725,Downstairs
Rikhil,7.16,10.12,-0.8036005,Downstairs
Rikhil,6.97,13.25,0.9942854,Downstairs
Rikhil,7.74,11.37,-0.040861044,Downstairs
Rikhil,8.73,10.15,-4.7943625,Downstairs
Rikhil,11.75,8.69,-5.8158884,Downstairs
Rikhil,10.31,7.93,-6.5513873,Downstairs
Rikhil,12.11,5.28,-6.5922484,Downstairs
Rikhil,8.5,3.95,-1.2666923,Downstairs
Rikhil,7.01,3.64,-0.08172209,Downstairs
Rikhil,7.78,0.19,2.7240696,Downstairs
Rikhil,6.93,-1.12,7.8861814,Downstairs
Rikhil,5.67,3.95,1.9477096999999999,Downstairs
Rikhil,7.44,5.24,4.290409599999999,Downstairs
Rikhil,5.37,-0.99,7.3549875999999985,Downstairs
Rikhil,5.43,3.49,5.829509,Downstairs
Rikhil,5.75,5.28,4.8216033,Downstairs
